model,accuracy,f1
random_forest,0.94328,0.9598459534462253
extra_trees,0.93824,0.9565853109886402
decision_tree,0.93936,0.9557862809146057
logistic_regression,0.83424,0.8847736625514403
